state_id,district_id,block_id,supervisor_id,awc_id,month,num_awcs,awc_days_open,total_eligible_children,total_attended_children,pse_avg_attendance_percent,pse_full,pse_partial,pse_non,pse_score,awc_days_provided_breakfast,awc_days_provided_hotmeal,awc_days_provided_thr,awc_days_provided_pse,awc_not_open_holiday,awc_not_open_festival,awc_not_open_no_help,awc_not_open_department_work,awc_not_open_other,awc_num_open,awc_not_open_no_data,wer_weighed,wer_eligible,wer_score,thr_eligible_child,thr_rations_21_plus_distributed_child,thr_eligible_ccs,thr_rations_21_plus_distributed_ccs,thr_score,awc_score,num_awc_rank_functional,num_awc_rank_semi,num_awc_rank_non,cases_ccs_pregnant,cases_ccs_lactating,cases_child_health,usage_num_pse,usage_num_gmp,usage_num_thr,usage_num_home_visit,usage_num_bp_tri1,usage_num_bp_tri2,usage_num_bp_tri3,usage_num_pnc,usage_num_ebf,usage_num_cf,usage_num_delivery,usage_num_due_list_ccs,usage_num_due_list_child_health,usage_awc_num_active,usage_time_pse,usage_time_gmp,usage_time_bp,usage_time_pnc,usage_time_ebf,usage_time_cf,usage_time_of_day_pse,usage_time_of_day_home_visit,vhnd_immunization,vhnd_anc,vhnd_gmp,vhnd_num_pregnancy,vhnd_num_lactating,vhnd_num_mothers_6_12,vhnd_num_mothers_12,vhnd_num_fathers,ls_supervision_visit,ls_num_supervised,ls_awc_location_long,ls_awc_location_lat,ls_awc_present,ls_awc_open,ls_awc_not_open_aww_not_available,ls_awc_not_open_closed_early,ls_awc_not_open_holiday,ls_awc_not_open_unknown,ls_awc_not_open_other,infra_last_update_date,infra_type_of_building,infra_type_of_building_pucca,infra_type_of_building_semi_pucca,infra_type_of_building_kuccha,infra_type_of_building_partial_covered_space,infra_clean_water,infra_functional_toilet,infra_baby_weighing_scale,infra_flat_weighing_scale,infra_adult_weighing_scale,infra_cooking_utensils,infra_medicine_kits,infra_adequate_space_pse,usage_num_hh_reg,usage_num_add_person,usage_num_add_pregnancy,is_launched,training_phase,trained_phase_1,trained_phase_2,trained_phase_3,trained_phase_4,aggregation_level,num_launched_states,num_launched_districts,num_launched_blocks,num_launched_supervisors,num_launched_awcs,cases_household,cases_person,cases_person_all,cases_person_has_aadhaar,cases_ccs_pregnant_all,cases_ccs_lactating_all,cases_child_health_all,cases_person_adolescent_girls_11_14,cases_person_adolescent_girls_15_18,cases_person_adolescent_girls_11_14_all,cases_person_adolescent_girls_15_18_all,infra_infant_weighing_scale,cases_person_beneficiary,cases_person_referred,awc_days_pse_conducted,num_awc_infra_last_update,cases_person_has_aadhaar_v2,cases_person_beneficiary_v2,electricity_awc,infantometer,stadiometer,num_anc_visits,num_children_immunized,state_is_test,district_is_test,block_is_test,supervisor_is_test,awc_is_test,num_awcs_conducted_cbe,num_awcs_conducted_vhnd,valid_visits,expected_visits,wer_eligible_0_2,wer_weighed_0_2,thr_distribution_image_count,num_mother_thr_eligible,num_mother_thr_21_days,toilet_facility,type_toilet,preschool_kit_available,preschool_kit_usable,awc_with_gm_devices,cases_person_adolescent_girls_11_14_all_v2,cases_person_adolescent_girls_11_14_out_of_school,cases_ccs_lactating_reg_in_month,cases_ccs_pregnant_reg_in_month,cases_ccs_lactating_all_reg_in_month,cases_ccs_pregnant_all_reg_in_month,cbe_conducted,vhnd_conducted
st1,d1,b1,s1,a1,2017-05-01,1,18,,,,,,,,,,,,,,,,,1,,,,,,,,,,,,,,2,3,,2,0,0,0,0,0,0,0,0,0,0,0,0,0,,,,,,,,,,,,,,,,,,,,,,,,,,,,2017-05-13,semi_pucca,,,,,1,1,0,,0,0,0,1,0,0,0,no,,,,,,5,0,0,0,0,0,,1,1,,2,3,,0,0,0,0,0,,0,,1,1,5,,,,0,,0,0,0,0,0,0,0,0,4,,,,5,2,1,1,1,1,0,0,0,1,1,1,1,,
st1,d1,b1,s1,a17,2017-05-01,1,11,,,,,,,,,,,,,,,,,1,,7,7,,0,0,,,,,,,,0,3,14,,,,,,,,,,,,,,,,,,,,,,,,,,,,,,,,,,,,,,,,,,,,,,,,,,,,,,,,,,,no,,,,,,5,0,0,0,0,0,,2,2,,0,3,14,0,0,0,0,,,0,,0,12,17,,,,0,,0,0,0,0,0,0,0,0,3,0,0,,3,1,,,,,,0,0,0,0,0,0,,
st1,d1,b1,s1,a25,2017-05-01,1,13,,,,,,,,,,,,,,,,,1,,15,15,,1,1,,,,,,,,4,4,23,,,,,,,,,,,,,,,,,,,,,,,,,,,,,,,,,,,,,,,,,,2017-05-26,,,,,,1,1,1,,0,0,0,1,,,,no,,,,,,5,0,0,0,0,0,,16,16,,4,4,23,1,0,1,0,1,,0,,1,21,31,,,,0,,0,0,0,0,0,0,0,0,6,0,0,,8,7,1,3,1,1,1,0,0,0,1,0,1,,
st1,d1,b1,s1,a33,2017-05-01,1,12,,,,,,,,,,,,,,,,,1,,20,21,,3,0,,,,,,,,3,4,28,0,0,0,1,0,0,0,0,0,0,1,0,1,0,,,,,,,,,,,,,,,,,,,,,,,,,,,,2017-05-19,,,,,,1,1,1,,1,0,1,1,0,0,0,no,,,,,,5,0,0,0,0,0,,38,39,,3,5,28,2,1,2,1,1,,0,,1,22,35,,,,0,,0,0,0,0,0,0,0,0,6,1,1,,7,0,1,1,1,1,1,1,0,0,0,0,0,,
st1,d1,b1,s1,a41,2017-05-01,1,16,,,,,,,,,,,,,,,,,1,,8,8,,0,0,,,,,,,,2,0,11,1,0,0,0,0,0,0,0,0,0,0,2,0,0,,,,,,,,,,,,,,,,,,,,,,,,,,,,2017-05-18,semi_pucca,,,,,1,0,1,,0,0,1,1,0,0,0,yes,,,,,,5,1,1,1,1,1,53,,,,2,0,11,,,,,1,,,,1,2,13,,,,0,,0,0,0,0,0,0,0,0,1,0,0,,2,0,1,2,1,1,1,,,0,0,0,0,,
st1,d1,b1,s1,a49,2017-05-01,1,14,,,,,,,,,,,,,,,,,1,,17,17,,3,0,,,,,,,,3,5,19,0,0,0,1,0,0,0,0,0,1,0,0,0,0,,,,,,,,,,,,,,,,,,,,,,,,,,,,,,,,,,,,,,,,,,0,0,0,yes,,,,,,5,1,1,1,1,1,145,16,16,,3,5,19,0,1,0,1,,,0,,0,14,27,,,,0,,0,0,0,0,0,0,1,1,16,4,4,,8,0,,,,,,0,0,1,2,1,2,,2
st1,d1,b1,s1,a9,2017-05-01,1,18,,,,,,,,,,,,,,,,,1,,0,4,,0,0,,,,,,,,3,0,8,,,,,,,,,,,,,,,,,,,,,,,,,,,,,,,,,,,,,,,,,,2017-01-12,,,,,,1,1,1,,0,1,1,1,,,,no,,,,,,5,0,0,0,0,0,,,,,3,0,8,,,,,1,,,,1,0,11,,,,0,,0,0,0,0,0,0,0,0,1,0,0,,3,0,1,1,1,1,1,,,0,2,0,2,,
st1,d1,b1,s2,a10,2017-05-01,1,8,,,,,,,,,,,,,,,,,1,,0,44,,8,0,,,,,,,,0,2,62,1,0,0,0,0,0,0,0,0,0,0,0,0,0,,,,,,,,,,,,,,,,,,,,,,,,,,,,2017-01-19,pucca,,,,,1,0,1,,0,0,1,1,0,0,0,yes,,,,,,5,1,1,1,1,1,188,8,8,,0,2,62,0,0,0,0,1,,0,,1,2,64,,,,0,,0,0,0,0,0,0,0,0,2,10,0,,2,0,0,,1,1,1,0,0,0,0,0,0,,
st1,d1,b1,s2,a18,2017-05-01,1,17,,,,,,,,,,,,,,,,,1,,27,27,,4,0,,,,,,,,5,6,32,,,,,,,,,,,,,,,,,,,,,,,,,,,,,,,,,,,,,,,,,,,,,,,,,,,,,,,,,,,yes,,,,,,5,1,1,1,1,1,214,28,28,,5,7,32,0,0,0,0,,,0,,0,27,43,,,,0,,0,0,0,0,0,0,0,0,9,6,6,4,11,1,,,,,,0,0,0,2,0,2,,
st1,d1,b1,s2,a2,2017-05-01,1,10,,,,,,,,,,,,,,,,,1,,10,18,,0,0,,,,,,,,6,1,30,,,,,,,,,,,,,,,,,,,,,,,,,,,,,,,,,,,,,,,,,,2017-01-19,pucca,,,,,1,0,1,,0,0,1,1,,,,no,,,,,,5,0,0,0,0,0,,,,,6,4,30,,,,,1,,,,1,2,37,,,,0,,0,0,0,0,0,0,0,0,7,0,0,,7,0,1,2,1,1,1,,,0,0,0,0,,
st1,d1,b1,s2,a26,2017-05-01,1,12,,,,,,,,,,,,,,,,,1,,11,23,,1,0,,,,,,,,1,3,28,,,,,,,,,,,,,,,,,,,,,,,,,,,,,,,,,,,,,,,,,,,,,,,,,,,,,,,,,,,no,,,,,,5,0,0,0,0,0,,19,19,,1,4,28,1,0,1,0,,,0,,0,5,32,,,,0,,0,0,0,0,0,0,0,0,4,0,0,,4,0,,,,,,1,0,0,1,0,1,,
st1,d1,b1,s2,a34,2017-05-01,1,4,,,,,,,,,,,,,,,,,1,,,,,,,,,,,,,,4,3,,,,,,,,,,,,,,,,,,,,,,,,,,,,,,,,,,,,,,,,,,,,,,,,,,,,,,,,,,,,yes,,,,,,5,1,1,1,1,1,0,17,17,,4,4,,1,1,1,1,,,0,,0,1,7,,,,0,,0,0,0,0,0,0,0,0,6,,,,7,0,,,,,,1,0,0,1,0,1,,
st1,d1,b1,s2,a42,2017-05-01,1,7,,,,,,,,,,,,,,,,,1,,10,11,,0,0,,,,,,,,2,2,17,0,0,0,2,0,0,1,0,0,1,0,0,0,0,,,,,,,,,,,,,,,,,,,,,,,,,,,,2017-05-19,pucca,,,,,1,0,1,,1,0,0,1,0,0,0,no,,,,,,5,0,0,0,0,0,,35,35,,2,2,17,3,0,3,0,1,,0,,1,9,21,,,,0,,0,0,0,0,0,0,0,2,3,0,0,,4,0,0,,1,0,1,2,0,1,0,1,0,,
st1,d1,b1,s2,a50,2017-05-01,1,19,,,,,,,,,,,,,,,,,1,,33,40,,25,0,,,,,,,,6,7,45,1,0,0,0,0,0,0,0,0,0,0,0,0,0,,,,,,,,,,,,,,,,,,,,,,,,,,,,,,,,,,,,,,,,,,0,0,0,no,,,,,,5,0,0,0,0,0,,24,24,,6,8,45,0,0,0,0,,,0,,0,5,58,,,,0,1,0,0,0,0,0,0,0,0,11,17,14,,13,0,,,,,,0,0,0,0,0,0,,
st1,d1,b2,s3,a11,2017-05-01,1,15,,,,,,,,,,,,,,,,,1,,44,45,,14,13,,,,,,,,1,5,54,1,0,0,13,0,0,0,0,4,9,0,0,0,0,,,,,,,,,,,,,,,,,,,,,,,,,,,,2017-01-19,,,,,,1,1,1,,1,1,1,1,0,0,0,no,,,,,,5,0,0,0,0,0,,4,9,,1,6,54,0,0,0,0,1,,0,,1,10,60,,,,0,,0,0,0,0,0,0,0,0,11,10,10,,6,3,1,3,1,1,1,0,0,0,0,0,0,,
st1,d1,b2,s3,a19,2017-05-01,1,16,,,,,,,,,,,,,,,,,1,,9,10,,3,1,,,,,,,,3,5,16,1,2,3,0,0,0,0,0,0,0,0,0,0,0,,,,,,,,,,,,,,,,,,,,,,,,,,,,,,,,,,,,,,,,,,0,0,0,yes,,,,,,5,1,1,1,1,1,195,21,21,,3,5,16,0,1,0,1,,,0,,0,1,24,,,,0,,0,0,0,0,0,0,0,0,16,2,1,,8,7,,,,,,0,0,4,3,4,3,,
st1,d1,b2,s3,a27,2017-05-01,1,7,,,,,,,,,,,,,,,,,1,,12,12,,1,0,,,,,,,,1,2,16,,,,,,,,,,,,,,,,,,,,,,,,,,,,,,,,,,,,,,,,,,2017-05-06,,,,,,1,0,1,,1,1,1,1,,,,no,,,,,,5,0,0,0,0,0,,8,8,,1,2,16,0,0,0,0,1,,0,,1,5,19,,,,0,,0,0,0,0,0,0,0,0,2,1,1,,3,0,0,,1,1,1,0,0,0,0,0,0,,
st1,d1,b2,s3,a3,2017-05-01,1,23,,,,,,,,,,,,,,,,,1,,19,20,,3,0,,,,,,,,2,2,28,1,1,0,2,0,1,1,0,0,0,0,0,1,0,,,,,,,,,,,,,,,,,,,,,,,,,,,,2017-01-19,pucca,,,,,1,1,1,,0,0,1,1,0,0,1,no,,,,,,5,0,0,0,0,0,,1,1,,2,3,28,0,0,0,0,1,,0,,1,15,32,,,,0,,0,0,0,0,0,0,1,0,9,0,0,,4,3,1,3,1,1,1,0,0,0,1,0,1,,1
st1,d1,b2,s3,a35,2017-05-01,1,12,,,,,,,,,,,,,,,,,1,,5,5,,0,0,,,,,,,,1,1,9,,,,,,,,,,,,,,,,,,,,,,,,,,,,,,,,,,,,,,,,,,2017-05-29,semi_pucca,,,,,1,0,0,,0,0,0,1,,,,yes,,,,,,5,1,1,1,1,1,144,13,13,,1,1,9,0,0,0,0,0,,0,,1,0,11,,,,0,,0,0,0,0,0,0,0,0,1,0,0,,2,0,0,2,0,0,0,0,0,1,0,1,0,,
st1,d1,b2,s3,a43,2017-05-01,1,13,,,,,,,,,,,,,,,,,1,,19,21,,9,0,,,,,,,,0,1,26,,,,,,,,,,,,,,,,,,,,,,,,,,,,,,,,,,,,,,,,,,,,,,,,,,,,,,,,,,,yes,,,,,,5,1,1,1,1,1,195,31,31,,0,2,26,1,0,1,0,,,0,,0,10,27,,,,0,,0,0,0,0,0,0,0,0,2,6,6,,1,0,,,,,,1,0,0,0,0,0,,
st1,d1,b2,s4,a12,2017-05-01,1,20,,,,,,,,,,,,,,,,,1,,7,7,,1,0,,,,,,,,1,4,10,1,0,0,1,0,0,0,0,0,1,0,0,0,0,,,,,,,,,,,,,,,,,,,,,,,,,,,,2017-05-30,pucca,,,,,1,0,0,,0,0,0,1,0,0,0,no,,,,,,5,0,0,0,0,0,,4,4,,1,5,10,0,0,0,0,0,,0,,1,3,15,0,0,0,0,,0,0,0,0,0,0,0,0,5,1,1,,5,0,1,3,0,0,0,0,0,0,0,0,0,,
st1,d1,b2,s4,a20,2017-05-01,1,20,,,,,,,,,,,,,,,,,1,,33,33,,1,1,,,,,,,,9,8,38,0,0,7,0,0,0,0,0,0,0,0,0,0,0,,,,,,,,,,,,,,,,,,,,,,,,,,,,2017-05-19,,,,,,1,0,1,,0,1,0,1,0,0,0,no,,,,,,5,0,0,0,0,0,,46,48,,9,10,38,3,0,3,0,1,,0,,1,24,55,,,,0,,0,0,0,0,0,0,0,0,19,1,1,,17,1,1,2,1,1,1,1,0,0,7,0,7,1,
st1,d1,b2,s4,a28,2017-05-01,1,5,,,,,,,,,,,,,,,,,1,,0,17,,1,0,,,,,,,,1,3,22,,,,,,,,,,,,,,,,,,,,,,,,,,,,,,,,,,,,,,,,,,,,,,,,,,,,,,,,,,,yes,,,,,,5,1,1,1,1,1,87,6,7,,1,3,22,0,0,0,0,,,0,,0,0,26,,,,0,,0,0,0,0,0,0,0,0,13,1,0,,4,0,,,,,,0,0,2,0,2,0,,
st1,d1,b2,s4,a36,2017-05-01,1,17,,,,,,,,,,,,,,,,,1,,3,40,,17,0,,,,,,,,1,2,52,0,0,0,0,0,0,0,0,0,0,0,0,1,0,,,,,,,,,,,,,,,,,,,,,,,,,,,,2017-05-24,,,,,,1,1,0,,0,0,0,1,0,0,0,yes,,,,,,5,1,1,1,1,1,101,59,60,,1,2,52,3,0,3,0,1,,0,,1,0,55,,,,0,,0,0,0,0,0,0,0,0,7,14,2,,3,0,1,3,0,0,1,2,0,1,0,1,0,,
st1,d1,b2,s4,a4,2017-05-01,1,19,,,,,,,,,,,,,,,,,1,,,,,,,,,,,,,,1,1,,,,,,,,,,,,,,,,,,,,,,,,,,,,,,,,,,,,,,,,,,,2017-01-21,pucca,,,,,1,0,0,,0,0,0,1,,,,no,,,,,,5,0,0,0,0,0,,,,,1,1,,,,,,0,,,,1,0,2,1,1,,0,,0,0,0,0,0,0,0,0,6,,,,2,2,1,3,0,0,1,,,0,0,0,0,,
st1,d1,b2,s4,a44,2017-05-01,1,10,,,,,,,,,,,,,,,,,1,,8,30,,27,27,,,,,,,,8,10,30,0,0,36,2,0,0,1,0,1,0,0,0,0,1,,,,,,,,,,,,,,,,,,,,,,,,,,,,2017-05-20,semi_pucca,,,,,1,1,1,,1,1,1,1,0,0,0,no,,,,,,5,0,0,0,0,0,,24,24,,8,11,30,2,1,2,1,1,,0,,1,1,48,,,,0,,0,0,0,0,0,0,0,0,15,20,4,,18,10,1,1,1,1,1,1,0,3,4,3,4,,
st2,d2,b3,s5,a13,2017-05-01,1,22,,,,,,,,,,,,,,,,,1,,16,18,,3,2,,,,,,,,4,5,23,,,,,,,,,,,,,,,,,,,,,,,,,,,,,,,,,,,,,,,,,,2017-01-18,pucca,,,,,1,1,0,,0,0,1,1,,,,no,,,,,,5,0,0,0,0,0,,7,8,,4,5,23,0,0,0,0,0,,0,,1,0,32,,,,0,,0,0,0,0,0,1,0,0,22,4,3,,9,7,1,1,1,0,0,0,0,1,0,1,0,2,
st2,d2,b3,s5,a21,2017-05-01,1,23,,,,,,,,,,,,,,,,,1,,25,25,,3,3,,,,,,,,4,7,35,2,0,2,6,0,0,1,1,2,1,1,0,0,0,,,,,,,,,,,,,,,,,,,,,,,,,,,,,,,,,,,,,,,,,,0,0,0,yes,,,,,,5,1,1,1,1,1,186,19,20,,4,9,35,0,1,0,1,,,0,,0,20,46,,,,0,,0,0,0,0,0,0,0,0,16,2,2,,11,10,,,,,,0,0,0,2,0,2,,
st2,d2,b3,s5,a29,2017-05-01,1,7,,,,,,,,,,,,,,,,,1,,4,4,,1,0,,,,,,,,0,1,4,,,,,,,,,,,,,,,,,,,,,,,,,,,,,,,,,,,,,,,,,,2017-05-02,pucca,,,,,1,1,1,,0,0,1,1,,,,yes,,,,,,5,1,1,1,1,1,165,27,27,,0,1,4,1,0,1,0,1,,0,,1,2,5,,,,0,,0,0,0,0,0,0,0,0,6,0,0,,1,1,1,1,1,1,1,0,0,0,0,0,0,,
st2,d2,b3,s5,a37,2017-05-01,1,17,,,,,,,,,,,,,,,,,1,,,,,,,,,,,,,,1,1,,1,12,0,2,0,0,0,0,1,1,0,0,0,1,,,,,,,,,,,,,,,,,,,,,,,,,,,,2017-05-03,,,,,,1,0,0,,1,0,0,1,0,0,0,no,,,,,,5,0,0,0,0,0,,22,23,,1,1,,0,1,0,1,1,,0,,1,0,2,,,,0,,0,0,0,0,0,0,0,0,1,,,,2,1,1,3,1,0,1,0,0,0,1,0,1,,
st2,d2,b3,s5,a45,2017-05-01,1,11,,,,,,,,,,,,,,,,,1,,,,,,,,,,,,,,1,3,,,,,,,,,,,,,,,,,,,,,,,,,,,,,,,,,,,,,,,,,,,2017-05-19,pucca,,,,,1,0,1,,1,0,1,1,,,,no,,,,,,5,0,0,0,0,0,,6,6,,1,4,,0,0,0,0,1,,0,,1,2,4,,,,0,,0,0,0,0,0,0,1,0,4,,,,4,4,0,,1,1,1,0,0,0,0,0,0,,2
st2,d2,b3,s5,a5,2017-05-01,1,14,,,,,,,,,,,,,,,,,1,,19,38,,2,0,,,,,,,,1,5,54,1,0,0,4,0,0,3,0,0,1,0,0,0,0,,,,,,,,,,,,,,,,,,,,,,,,,,,,2017-01-12,pucca,,,,,1,1,1,,1,1,1,1,0,0,0,no,,,,,,5,0,0,0,0,0,,4,4,,1,6,54,0,0,0,0,1,,0,,1,4,60,,,,0,,0,0,0,0,0,0,0,0,11,2,2,,6,0,1,1,1,1,1,0,0,0,0,0,0,,
st2,d2,b3,s6,a14,2017-05-01,1,22,,,,,,,,,,,,,,,,,1,,16,20,,3,0,,,,,,,,1,4,24,0,0,0,0,0,0,0,0,0,0,0,0,0,0,,,,,,,,,,,,,,,,,,,,,,,,,,,,2017-05-31,,,,,,1,1,1,,1,1,1,1,0,2,0,yes,,,,,,5,1,1,1,1,1,99,31,31,,1,4,24,0,0,0,0,1,,0,,1,0,29,,,,0,,0,0,0,0,0,0,0,0,9,0,0,,5,0,1,1,1,1,1,0,0,2,0,2,0,,
st2,d2,b3,s6,a22,2017-05-01,1,4,,,,,,,,,,,,,,,,,1,,31,31,,16,3,,,,,,,,0,0,40,,,,,,,,,,,,,,,,,,,,,,,,,,,,,,,,,,,,,,,,,,2017-05-16,,,,,,1,0,1,,0,0,1,1,,,,yes,,,,,,5,1,1,1,1,1,43,5,5,,0,0,40,0,0,0,0,1,,0,,1,9,40,,,,,,0,0,0,0,0,0,1,0,0,9,9,,0,0,0,,1,1,1,0,0,0,0,0,0,,3
st2,d2,b3,s6,a30,2017-05-01,1,6,,,,,,,,,,,,,,,,,1,,0,9,,0,0,,,,,,,,5,2,11,,,,,,,,,,,,,,,,,,,,,,,,,,,,,,,,,,,,,,,,,,,,,,,,,,,,,,,,,,,no,,,,,,5,0,0,0,0,0,,51,51,,5,4,11,3,3,3,3,,,0,,0,4,18,,,,0,,0,0,0,0,0,0,0,0,6,0,0,,7,0,,,,,,3,0,0,5,0,5,,
st2,d2,b3,s6,a38,2017-05-01,1,5,,,,,,,,,,,,,,,,,1,,,,,,,,,,,,,,4,2,,,,,,,,,,,,,,,,,,,,,,,,,,,,,,,,,,,,,,,,,,,2017-05-05,,,,,,0,0,0,,0,0,1,0,,,,yes,,,,,,5,1,1,1,1,1,211,62,63,,4,3,,5,1,5,1,1,,0,,1,1,6,,,,0,,0,0,0,0,0,0,1,0,5,,,0,6,2,0,,1,1,1,4,0,0,0,0,0,,1
st2,d2,b3,s6,a46,2017-05-01,1,7,,,,,,,,,,,,,,,,,1,,65,65,,57,55,,,,,,,,7,3,66,0,0,3,0,0,0,0,0,0,0,0,0,0,0,,,,,,,,,,,,,,,,,,,,,,,,,,,,,,,,,,,,,,,,,,0,0,0,yes,,,,,,5,1,1,1,1,1,162,9,9,,7,4,66,0,0,0,0,,,0,,0,0,76,,,,0,,0,0,0,0,0,0,0,0,7,36,36,,10,3,,,,,,0,0,0,7,0,7,,
st2,d2,b3,s6,a6,2017-05-01,1,26,,,,,,,,,,,,,,,,,1,,39,41,,17,16,,,,,,,,10,7,53,1,0,0,0,0,0,0,0,0,0,0,0,0,0,,,,,,,,,,,,,,,,,,,,,,,,,,,,2017-05-12,pucca,,,,,1,0,1,,0,1,1,1,0,0,0,no,,,,,,5,0,0,0,0,0,,21,21,,10,8,53,0,0,0,0,1,,1,,1,9,70,,,,0,,0,0,0,0,0,0,0,0,17,13,11,,17,15,1,1,1,1,1,0,0,0,1,0,1,,
st2,d3,b4,s7,a15,2017-05-01,1,12,,,,,,,,,,,,,,,,,1,,0,14,,4,0,,,,,,,,2,0,19,,,,,,,,,,,,,,,,,,,,,,,,,,,,,,,,,,,,,,,,,,,,,,,,,,,,,,,,,,,no,,,,,,5,0,0,0,0,0,,19,19,,2,0,19,1,0,1,0,,,0,,0,1,21,,,,0,,0,0,0,0,0,0,0,0,1,3,0,,2,1,,,,,,1,0,0,2,0,2,,
st2,d3,b4,s7,a23,2017-05-01,1,12,,,,,,,,,,,,,,,,,1,,26,28,,5,0,,,,,,,,6,4,49,0,0,14,0,0,0,0,0,0,0,0,0,0,0,,,,,,,,,,,,,,,,,,,,,,,,,,,,,,,,,,,,,,,,,,0,1,0,no,,,,,,5,0,0,0,0,0,,6,6,,6,6,49,0,0,0,0,,,0,,0,15,59,,,,0,,0,0,0,0,0,0,0,0,9,2,1,,10,0,,,,,,0,0,4,5,4,5,,
st2,d3,b4,s7,a31,2017-05-01,1,8,,,,,,,,,,,,,,,,,1,,17,17,,0,0,,,,,,,,3,6,25,0,0,0,0,0,0,0,0,0,0,0,0,0,0,,,,,,,,,,,,,,,,,,,,,,,,,,,,,,,,,,,,,,,,,,0,0,4,no,,,,,,5,0,0,0,0,0,,21,21,,3,6,25,1,1,1,1,,,0,,0,22,34,,,,0,,0,0,0,0,0,0,0,0,12,0,0,,9,9,,,,,,1,0,5,3,5,3,,
st2,d3,b4,s7,a39,2017-05-01,1,10,,,,,,,,,,,,,,,,,1,,23,27,,2,0,,,,,,,,4,3,36,0,0,46,2,0,0,0,0,1,1,0,1,16,1,,,,,,,,,,,,,,,,,,,,,,,,,,,,,,,,,,,,,,,,,,0,0,0,yes,,,,,,5,1,1,1,1,1,146,17,17,,4,3,36,2,1,2,1,,,0,,0,9,43,,,,1,,0,0,0,0,0,0,0,0,5,0,0,,7,0,,,,,,1,0,0,0,0,0,,
st2,d3,b4,s7,a47,2017-05-01,1,8,,,,,,,,,,,,,,,,,1,,0,10,,2,0,,,,,,,,3,3,11,,,,,,,,,,,,,,,,,,,,,,,,,,,,,,,,,,,,,,,,,,,,,,,,,,,,,,,,,,,yes,,,,,,5,1,1,1,1,1,144,50,50,,3,3,11,3,0,3,0,,,0,,0,2,17,,,,0,,0,0,0,0,0,0,1,0,4,2,0,,6,1,,,,,,1,0,0,1,0,1,,1
st2,d3,b4,s7,a7,2017-05-01,1,27,,,,,,,,,,,,,,,,,1,,43,44,,20,19,,,,,,,,5,1,57,1,0,0,0,0,0,0,0,0,0,0,0,0,0,,,,,,,,,,,,,,,,,,,,,,,,,,,,2017-01-12,pucca,,,,,1,0,1,,0,0,1,1,0,0,0,no,,,,,,5,0,0,0,0,0,,13,14,,5,2,57,0,0,0,0,1,,0,,1,8,63,,,,0,,0,0,0,0,0,0,0,0,4,14,13,,6,5,0,,1,1,1,0,0,0,1,0,1,,
st2,d3,b4,s8,a16,2017-05-01,1,10,,,,,,,,,,,,,,,,,1,,10,10,,0,0,,,,,,,,6,1,15,,,,,,,,,,,,,,,,,,,,,,,,,,,,,,,,,,,,,,,,,,,,,,,,,,,,,,,,,,,yes,,,,,,5,1,1,1,1,1,73,2,2,,6,1,15,0,0,0,0,,,0,,0,4,22,,,,0,,0,0,0,0,0,0,0,0,4,0,0,,7,0,,,,,,0,0,0,5,0,5,,
st2,d3,b4,s8,a24,2017-05-01,1,13,,,,,,,,,,,,,,,,,1,,22,24,,0,0,,,,,,,,7,7,36,,,,,,,,,,,,,,,,,,,,,,,,,,,,,,,,,,,,,,,,,,,,,,,,,,,,,,,,,,,yes,,,,,,5,1,1,1,1,1,127,19,19,,7,9,36,1,0,1,0,,,0,,0,6,50,,,,0,,0,0,0,0,0,0,0,0,12,0,0,,14,12,,,,,,0,0,2,0,2,0,,
st2,d3,b4,s8,a32,2017-05-01,1,4,,,,,,,,,,,,,,,,,1,,23,30,,6,0,,,,,,,,2,3,37,0,8,0,0,0,0,0,0,0,0,0,0,0,0,,,,,,,,,,,,,,,,,,,,,,,,,,,,,,,,,,,,,,,,,,0,0,0,no,,,,,,5,0,0,0,0,0,,54,54,,2,3,37,0,0,0,0,,,0,,0,15,42,,,,0,,0,0,0,0,0,0,0,0,4,7,5,,5,0,,,,,,0,0,1,2,1,2,,
st2,d3,b4,s8,a40,2017-05-01,1,11,,,,,,,,,,,,,,,,,1,,0,8,,3,0,,,,,,,,3,2,11,,,,,,,,,,,,,,,,,,,,,,,,,,,,,,,,,,,,,,,,,,2017-05-20,,,,,,1,1,1,,0,1,1,1,,,,no,,,,,,5,0,0,0,0,0,,34,34,,3,2,11,0,0,0,0,1,,0,,1,7,16,,,,0,,0,0,0,0,0,0,1,0,13,1,0,,5,0,1,3,1,1,1,0,0,2,3,2,3,,1
st2,d3,b4,s8,a48,2017-05-01,1,14,,,,,,,,,,,,,,,,,1,,0,44,,10,5,,,,,,,,5,7,51,,,,,,,,,,,,,,,,,,,,,,,,,,,,,,,,,,,,,,,,,,2017-05-23,,,,,,1,1,0,,0,0,0,1,,,,yes,,,,,,5,1,1,1,1,1,120,24,25,,5,7,51,0,0,0,0,0,,0,,1,14,63,,,,0,,0,0,0,0,0,0,1,0,14,13,0,,12,4,1,3,0,0,0,0,0,0,2,0,2,,1
st2,d3,b4,s8,a8,2017-05-01,1,1,,,,,,,,,,,,,,,,,1,,0,7,,0,0,,,,,,,,1,2,12,,,,,,,,,,,,,,,,,,,,,,,,,,,,,,,,,,,,,,,,,,2017-01-14,pucca,,,,,1,1,1,,0,1,1,1,,,,no,,,,,,5,0,0,0,0,0,,2,2,,1,2,12,0,0,0,0,1,,0,,1,0,15,,,,0,,0,0,0,0,0,0,0,0,7,0,0,,3,3,1,3,1,1,1,0,0,0,0,0,0,,
st3,d4,b5,s20,a101,2017-05-01,1,,,,,,,,,,,,,,,,,,,,0,1,,0,0,,,,,,,,0,1,1,,,,,,,,,,,,,,,,,,,,,,,,,,,,,,,,,,,,,,,,,,,,,,,,,,,,,,,,,,,yes,,,,,,5,1,1,1,1,1,1,,,,0,1,1,,,,,,,,,0,0,2,,,,0,,0,0,0,0,1,0,0,0,1,0,0,,1,0,,,,,,,,0,0,0,0,,
st4,d5,b6,s21,a102,2017-05-01,1,,,,,,,,,,,,,,,,,,,,0,1,,0,0,,,,,,,,0,1,1,,,,,,,,,,,,,,,,,,,,,,,,,,,,,,,,,,,,,,,,,,,,,,,,,,,,,,,,,,,yes,,,,,,5,1,1,1,1,1,1,,,,0,1,1,,,,,,,,,0,0,2,,,,0,,0,0,0,1,0,0,0,0,1,0,0,,1,0,,,,,,,,0,0,0,0,,
st5,d6,b7,s22,a103,2017-05-01,1,,,,,,,,,,,,,,,,,,,,0,1,,0,0,,,,,,,,0,1,1,,,,,,,,,,,,,,,,,,,,,,,,,,,,,,,,,,,,,,,,,,,,,,,,,,,,,,,,,,,yes,,,,,,5,1,1,1,1,1,1,,,,0,1,1,,,,,,,,,0,0,2,,,,0,,0,0,1,0,0,0,0,0,1,0,0,,1,0,,,,,,,,0,0,0,0,,
st6,d7,b8,s23,a104,2017-05-01,1,,,,,,,,,,,,,,,,,,,,0,1,,0,0,,,,,,,,0,1,1,,,,,,,,,,,,,,,,,,,,,,,,,,,,,,,,,,,,,,,,,,,,,,,,,,,,,,,,,,,yes,,,,,,5,1,1,1,1,1,1,,,,0,1,1,,,,,,,,,0,0,2,,,,0,,0,1,0,0,0,0,0,0,1,0,0,,1,0,,,,,,,,0,0,0,0,,
st7,d8,b9,s24,a105,2017-05-01,1,,,,,,,,,,,,,,,,,,,,0,1,,0,0,,,,,,,,0,1,1,,,,,,,,,,,,,,,,,,,,,,,,,,,,,,,,,,,,,,,,,,,,,,,,,,,,,,,,,,,yes,,,,,,5,1,1,1,1,1,1,0,4,,0,1,1,0,0,4,0,,,0,,0,0,2,,,,0,,1,0,0,0,0,0,0,0,1,0,0,,1,0,,,,,,3,2,0,0,0,0,,